t,count,max,mean,min,stddev,p50,p75,p95,p98,p99,p999,mean_rate,m1_rate,m5_rate,m15_rate,rate_unit,duration_unit
1529666912,681912,119678.222000,5579.824843,431.721000,5881.867935,4176.990000,5068.696000,12942.180000,18740.304000,24018.350000,70023.593000,39591.834437,21063.074323,16592.571363,15783.928074,calls/second,microseconds
